index,value_hex,is_trigger,ch7,ch6,ch5,ch4,ch3,ch2,ch1,ch0
0,00,0,0,0,0,0,0,0,0,0
1,00,0,0,0,0,0,0,0,0,0
2,00,0,0,0,0,0,0,0,0,0
3,00,0,0,0,0,0,0,0,0,0
4,00,0,0,0,0,0,0,0,0,0
5,00,0,0,0,0,0,0,0,0,0
6,00,0,0,0,0,0,0,0,0,0
7,00,0,0,0,0,0,0,0,0,0
8,00,0,0,0,0,0,0,0,0,0
9,00,0,0,0,0,0,0,0,0,0
10,00,0,0,0,0,0,0,0,0,0
11,00,0,0,0,0,0,0,0,0,0
12,00,0,0,0,0,0,0,0,0,0
13,00,0,0,0,0,0,0,0,0,0
14,00,0,0,0,0,0,0,0,0,0
15,00,0,0,0,0,0,0,0,0,0
16,00,0,0,0,0,0,0,0,0,0
17,00,0,0,0,0,0,0,0,0,0
18,00,0,0,0,0,0,0,0,0,0
19,00,0,0,0,0,0,0,0,0,0
20,00,0,0,0,0,0,0,0,0,0
21,00,0,0,0,0,0,0,0,0,0
22,00,0,0,0,0,0,0,0,0,0
23,00,0,0,0,0,0,0,0,0,0
24,00,0,0,0,0,0,0,0,0,0
25,00,0,0,0,0,0,0,0,0,0
26,00,0,0,0,0,0,0,0,0,0
27,00,0,0,0,0,0,0,0,0,0
28,00,0,0,0,0,0,0,0,0,0
29,00,0,0,0,0,0,0,0,0,0
30,00,0,0,0,0,0,0,0,0,0
31,00,0,0,0,0,0,0,0,0,0
32,00,0,0,0,0,0,0,0,0,0
33,00,0,0,0,0,0,0,0,0,0
34,00,0,0,0,0,0,0,0,0,0
35,00,0,0,0,0,0,0,0,0,0
36,00,0,0,0,0,0,0,0,0,0
37,00,0,0,0,0,0,0,0,0,0
38,00,0,0,0,0,0,0,0,0,0
39,00,0,0,0,0,0,0,0,0,0
40,00,0,0,0,0,0,0,0,0,0
41,00,0,0,0,0,0,0,0,0,0
42,00,0,0,0,0,0,0,0,0,0
43,00,0,0,0,0,0,0,0,0,0
44,00,0,0,0,0,0,0,0,0,0
45,00,0,0,0,0,0,0,0,0,0
46,00,0,0,0,0,0,0,0,0,0
47,00,0,0,0,0,0,0,0,0,0
48,00,0,0,0,0,0,0,0,0,0
49,00,0,0,0,0,0,0,0,0,0
50,00,0,0,0,0,0,0,0,0,0
51,00,0,0,0,0,0,0,0,0,0
52,00,0,0,0,0,0,0,0,0,0
53,00,0,0,0,0,0,0,0,0,0
54,00,0,0,0,0,0,0,0,0,0
55,00,0,0,0,0,0,0,0,0,0
56,00,0,0,0,0,0,0,0,0,0
57,00,0,0,0,0,0,0,0,0,0
58,00,0,0,0,0,0,0,0,0,0
59,00,0,0,0,0,0,0,0,0,0
60,00,0,0,0,0,0,0,0,0,0
61,00,0,0,0,0,0,0,0,0,0
62,00,0,0,0,0,0,0,0,0,0
63,00,0,0,0,0,0,0,0,0,0
64,00,0,0,0,0,0,0,0,0,0
65,00,0,0,0,0,0,0,0,0,0
66,00,0,0,0,0,0,0,0,0,0
67,00,0,0,0,0,0,0,0,0,0
68,00,0,0,0,0,0,0,0,0,0
69,00,0,0,0,0,0,0,0,0,0
70,00,0,0,0,0,0,0,0,0,0
71,00,0,0,0,0,0,0,0,0,0
72,00,0,0,0,0,0,0,0,0,0
73,00,0,0,0,0,0,0,0,0,0
74,00,0,0,0,0,0,0,0,0,0
75,00,0,0,0,0,0,0,0,0,0
76,00,0,0,0,0,0,0,0,0,0
77,00,0,0,0,0,0,0,0,0,0
78,00,0,0,0,0,0,0,0,0,0
79,00,0,0,0,0,0,0,0,0,0
80,00,0,0,0,0,0,0,0,0,0
81,00,0,0,0,0,0,0,0,0,0
82,00,0,0,0,0,0,0,0,0,0
83,00,0,0,0,0,0,0,0,0,0
84,00,0,0,0,0,0,0,0,0,0
85,00,0,0,0,0,0,0,0,0,0
86,00,0,0,0,0,0,0,0,0,0
87,00,0,0,0,0,0,0,0,0,0
88,00,0,0,0,0,0,0,0,0,0
89,00,0,0,0,0,0,0,0,0,0
90,00,0,0,0,0,0,0,0,0,0
91,00,0,0,0,0,0,0,0,0,0
92,00,0,0,0,0,0,0,0,0,0
93,00,0,0,0,0,0,0,0,0,0
94,00,0,0,0,0,0,0,0,0,0
95,00,0,0,0,0,0,0,0,0,0
96,00,0,0,0,0,0,0,0,0,0
97,00,0,0,0,0,0,0,0,0,0
98,00,0,0,0,0,0,0,0,0,0
99,00,0,0,0,0,0,0,0,0,0
100,00,0,0,0,0,0,0,0,0,0
101,00,0,0,0,0,0,0,0,0,0
102,00,0,0,0,0,0,0,0,0,0
103,00,0,0,0,0,0,0,0,0,0
104,00,0,0,0,0,0,0,0,0,0
105,00,0,0,0,0,0,0,0,0,0
106,00,0,0,0,0,0,0,0,0,0
107,00,0,0,0,0,0,0,0,0,0
108,00,0,0,0,0,0,0,0,0,0
109,00,0,0,0,0,0,0,0,0,0
110,00,0,0,0,0,0,0,0,0,0
111,00,0,0,0,0,0,0,0,0,0
112,00,0,0,0,0,0,0,0,0,0
113,00,0,0,0,0,0,0,0,0,0
114,00,0,0,0,0,0,0,0,0,0
115,00,0,0,0,0,0,0,0,0,0
116,00,0,0,0,0,0,0,0,0,0
117,00,0,0,0,0,0,0,0,0,0
118,00,0,0,0,0,0,0,0,0,0
119,00,0,0,0,0,0,0,0,0,0
120,00,0,0,0,0,0,0,0,0,0
121,00,0,0,0,0,0,0,0,0,0
122,00,0,0,0,0,0,0,0,0,0
123,00,0,0,0,0,0,0,0,0,0
124,00,0,0,0,0,0,0,0,0,0
125,00,0,0,0,0,0,0,0,0,0
126,00,0,0,0,0,0,0,0,0,0
127,00,0,0,0,0,0,0,0,0,0
128,00,0,0,0,0,0,0,0,0,0
129,00,0,0,0,0,0,0,0,0,0
130,00,0,0,0,0,0,0,0,0,0
131,00,0,0,0,0,0,0,0,0,0
132,00,0,0,0,0,0,0,0,0,0
133,00,0,0,0,0,0,0,0,0,0
134,00,0,0,0,0,0,0,0,0,0
135,00,0,0,0,0,0,0,0,0,0
136,00,0,0,0,0,0,0,0,0,0
137,00,0,0,0,0,0,0,0,0,0
138,00,0,0,0,0,0,0,0,0,0
139,00,0,0,0,0,0,0,0,0,0
140,00,0,0,0,0,0,0,0,0,0
141,00,0,0,0,0,0,0,0,0,0
142,00,0,0,0,0,0,0,0,0,0
143,00,0,0,0,0,0,0,0,0,0
144,00,0,0,0,0,0,0,0,0,0
145,00,0,0,0,0,0,0,0,0,0
146,00,0,0,0,0,0,0,0,0,0
147,00,0,0,0,0,0,0,0,0,0
148,00,0,0,0,0,0,0,0,0,0
149,00,0,0,0,0,0,0,0,0,0
150,00,0,0,0,0,0,0,0,0,0
151,00,0,0,0,0,0,0,0,0,0
152,00,0,0,0,0,0,0,0,0,0
153,00,0,0,0,0,0,0,0,0,0
154,00,0,0,0,0,0,0,0,0,0
155,00,0,0,0,0,0,0,0,0,0
156,00,0,0,0,0,0,0,0,0,0
157,00,0,0,0,0,0,0,0,0,0
158,00,0,0,0,0,0,0,0,0,0
159,00,0,0,0,0,0,0,0,0,0
160,00,0,0,0,0,0,0,0,0,0
161,00,0,0,0,0,0,0,0,0,0
162,00,0,0,0,0,0,0,0,0,0
163,00,0,0,0,0,0,0,0,0,0
164,00,0,0,0,0,0,0,0,0,0
165,00,0,0,0,0,0,0,0,0,0
166,00,0,0,0,0,0,0,0,0,0
167,00,0,0,0,0,0,0,0,0,0
168,00,0,0,0,0,0,0,0,0,0
169,00,0,0,0,0,0,0,0,0,0
170,00,0,0,0,0,0,0,0,0,0
171,00,0,0,0,0,0,0,0,0,0
172,00,0,0,0,0,0,0,0,0,0
173,00,0,0,0,0,0,0,0,0,0
174,00,0,0,0,0,0,0,0,0,0
175,00,0,0,0,0,0,0,0,0,0
176,00,0,0,0,0,0,0,0,0,0
177,00,0,0,0,0,0,0,0,0,0
178,00,0,0,0,0,0,0,0,0,0
179,00,0,0,0,0,0,0,0,0,0
180,00,0,0,0,0,0,0,0,0,0
181,00,0,0,0,0,0,0,0,0,0
182,00,0,0,0,0,0,0,0,0,0
183,00,0,0,0,0,0,0,0,0,0
184,00,0,0,0,0,0,0,0,0,0
185,00,0,0,0,0,0,0,0,0,0
186,00,0,0,0,0,0,0,0,0,0
187,00,0,0,0,0,0,0,0,0,0
188,00,0,0,0,0,0,0,0,0,0
189,00,0,0,0,0,0,0,0,0,0
190,00,0,0,0,0,0,0,0,0,0
191,00,0,0,0,0,0,0,0,0,0
192,00,0,0,0,0,0,0,0,0,0
193,00,0,0,0,0,0,0,0,0,0
194,00,0,0,0,0,0,0,0,0,0
195,00,0,0,0,0,0,0,0,0,0
196,00,0,0,0,0,0,0,0,0,0
197,00,0,0,0,0,0,0,0,0,0
198,00,0,0,0,0,0,0,0,0,0
199,00,0,0,0,0,0,0,0,0,0
200,00,0,0,0,0,0,0,0,0,0
201,00,0,0,0,0,0,0,0,0,0
202,00,0,0,0,0,0,0,0,0,0
203,00,0,0,0,0,0,0,0,0,0
204,00,0,0,0,0,0,0,0,0,0
205,00,0,0,0,0,0,0,0,0,0
206,00,0,0,0,0,0,0,0,0,0
207,00,0,0,0,0,0,0,0,0,0
208,00,0,0,0,0,0,0,0,0,0
209,00,0,0,0,0,0,0,0,0,0
210,00,0,0,0,0,0,0,0,0,0
211,00,0,0,0,0,0,0,0,0,0
212,00,0,0,0,0,0,0,0,0,0
213,00,0,0,0,0,0,0,0,0,0
214,00,0,0,0,0,0,0,0,0,0
215,00,0,0,0,0,0,0,0,0,0
216,00,0,0,0,0,0,0,0,0,0
217,00,0,0,0,0,0,0,0,0,0
218,00,0,0,0,0,0,0,0,0,0
219,00,0,0,0,0,0,0,0,0,0
220,00,0,0,0,0,0,0,0,0,0
221,00,0,0,0,0,0,0,0,0,0
222,00,0,0,0,0,0,0,0,0,0
223,00,0,0,0,0,0,0,0,0,0
224,00,0,0,0,0,0,0,0,0,0
225,00,0,0,0,0,0,0,0,0,0
226,00,0,0,0,0,0,0,0,0,0
227,00,0,0,0,0,0,0,0,0,0
228,00,0,0,0,0,0,0,0,0,0
229,00,0,0,0,0,0,0,0,0,0
230,00,0,0,0,0,0,0,0,0,0
231,00,0,0,0,0,0,0,0,0,0
232,00,0,0,0,0,0,0,0,0,0
233,00,0,0,0,0,0,0,0,0,0
234,00,0,0,0,0,0,0,0,0,0
235,00,0,0,0,0,0,0,0,0,0
236,00,0,0,0,0,0,0,0,0,0
237,00,0,0,0,0,0,0,0,0,0
238,00,0,0,0,0,0,0,0,0,0
239,00,0,0,0,0,0,0,0,0,0
240,00,0,0,0,0,0,0,0,0,0
241,00,0,0,0,0,0,0,0,0,0
242,00,0,0,0,0,0,0,0,0,0
243,00,0,0,0,0,0,0,0,0,0
244,00,0,0,0,0,0,0,0,0,0
245,00,0,0,0,0,0,0,0,0,0
246,00,0,0,0,0,0,0,0,0,0
247,00,0,0,0,0,0,0,0,0,0
248,00,0,0,0,0,0,0,0,0,0
249,00,0,0,0,0,0,0,0,0,0
250,00,0,0,0,0,0,0,0,0,0
251,00,0,0,0,0,0,0,0,0,0
252,00,0,0,0,0,0,0,0,0,0
253,00,0,0,0,0,0,0,0,0,0
254,00,0,0,0,0,0,0,0,0,0
255,00,0,0,0,0,0,0,0,0,0
256,00,0,0,0,0,0,0,0,0,0
257,00,0,0,0,0,0,0,0,0,0
258,00,0,0,0,0,0,0,0,0,0
259,00,0,0,0,0,0,0,0,0,0
260,00,0,0,0,0,0,0,0,0,0
261,00,0,0,0,0,0,0,0,0,0
262,00,0,0,0,0,0,0,0,0,0
263,00,0,0,0,0,0,0,0,0,0
264,00,0,0,0,0,0,0,0,0,0
265,00,0,0,0,0,0,0,0,0,0
266,00,0,0,0,0,0,0,0,0,0
267,00,0,0,0,0,0,0,0,0,0
268,00,0,0,0,0,0,0,0,0,0
269,00,0,0,0,0,0,0,0,0,0
270,00,0,0,0,0,0,0,0,0,0
271,00,0,0,0,0,0,0,0,0,0
272,00,0,0,0,0,0,0,0,0,0
273,00,0,0,0,0,0,0,0,0,0
274,00,0,0,0,0,0,0,0,0,0
275,00,0,0,0,0,0,0,0,0,0
276,00,0,0,0,0,0,0,0,0,0
277,00,0,0,0,0,0,0,0,0,0
278,00,0,0,0,0,0,0,0,0,0
279,00,0,0,0,0,0,0,0,0,0
280,00,0,0,0,0,0,0,0,0,0
281,00,0,0,0,0,0,0,0,0,0
282,00,0,0,0,0,0,0,0,0,0
283,00,0,0,0,0,0,0,0,0,0
284,00,0,0,0,0,0,0,0,0,0
285,00,0,0,0,0,0,0,0,0,0
286,00,0,0,0,0,0,0,0,0,0
287,00,0,0,0,0,0,0,0,0,0
288,00,0,0,0,0,0,0,0,0,0
289,00,0,0,0,0,0,0,0,0,0
290,00,0,0,0,0,0,0,0,0,0
291,00,0,0,0,0,0,0,0,0,0
292,00,0,0,0,0,0,0,0,0,0
293,00,0,0,0,0,0,0,0,0,0
294,00,0,0,0,0,0,0,0,0,0
295,00,0,0,0,0,0,0,0,0,0
296,00,0,0,0,0,0,0,0,0,0
297,00,0,0,0,0,0,0,0,0,0
298,00,0,0,0,0,0,0,0,0,0
299,00,0,0,0,0,0,0,0,0,0
300,00,0,0,0,0,0,0,0,0,0
301,00,0,0,0,0,0,0,0,0,0
302,00,0,0,0,0,0,0,0,0,0
303,00,0,0,0,0,0,0,0,0,0
304,00,0,0,0,0,0,0,0,0,0
305,00,0,0,0,0,0,0,0,0,0
306,00,0,0,0,0,0,0,0,0,0
307,00,0,0,0,0,0,0,0,0,0
308,00,0,0,0,0,0,0,0,0,0
309,00,0,0,0,0,0,0,0,0,0
310,00,0,0,0,0,0,0,0,0,0
311,00,0,0,0,0,0,0,0,0,0
312,00,0,0,0,0,0,0,0,0,0
313,00,0,0,0,0,0,0,0,0,0
314,00,0,0,0,0,0,0,0,0,0
315,00,0,0,0,0,0,0,0,0,0
316,00,0,0,0,0,0,0,0,0,0
317,00,0,0,0,0,0,0,0,0,0
318,00,0,0,0,0,0,0,0,0,0
319,00,0,0,0,0,0,0,0,0,0
320,00,0,0,0,0,0,0,0,0,0
321,00,0,0,0,0,0,0,0,0,0
322,00,0,0,0,0,0,0,0,0,0
323,00,0,0,0,0,0,0,0,0,0
324,00,0,0,0,0,0,0,0,0,0
325,00,0,0,0,0,0,0,0,0,0
326,00,0,0,0,0,0,0,0,0,0
327,00,0,0,0,0,0,0,0,0,0
328,00,0,0,0,0,0,0,0,0,0
329,00,0,0,0,0,0,0,0,0,0
330,00,0,0,0,0,0,0,0,0,0
331,00,0,0,0,0,0,0,0,0,0
332,00,0,0,0,0,0,0,0,0,0
333,00,0,0,0,0,0,0,0,0,0
334,00,0,0,0,0,0,0,0,0,0
335,00,0,0,0,0,0,0,0,0,0
336,00,0,0,0,0,0,0,0,0,0
337,00,0,0,0,0,0,0,0,0,0
338,00,0,0,0,0,0,0,0,0,0
339,00,0,0,0,0,0,0,0,0,0
340,00,0,0,0,0,0,0,0,0,0
341,00,0,0,0,0,0,0,0,0,0
342,00,0,0,0,0,0,0,0,0,0
343,00,0,0,0,0,0,0,0,0,0
344,00,0,0,0,0,0,0,0,0,0
345,00,0,0,0,0,0,0,0,0,0
346,00,0,0,0,0,0,0,0,0,0
347,00,0,0,0,0,0,0,0,0,0
348,00,0,0,0,0,0,0,0,0,0
349,00,0,0,0,0,0,0,0,0,0
350,00,0,0,0,0,0,0,0,0,0
351,00,0,0,0,0,0,0,0,0,0
352,00,0,0,0,0,0,0,0,0,0
353,00,0,0,0,0,0,0,0,0,0
354,00,0,0,0,0,0,0,0,0,0
355,00,0,0,0,0,0,0,0,0,0
356,00,0,0,0,0,0,0,0,0,0
357,00,0,0,0,0,0,0,0,0,0
358,00,0,0,0,0,0,0,0,0,0
359,00,0,0,0,0,0,0,0,0,0
360,00,0,0,0,0,0,0,0,0,0
361,00,0,0,0,0,0,0,0,0,0
362,00,0,0,0,0,0,0,0,0,0
363,00,0,0,0,0,0,0,0,0,0
364,00,0,0,0,0,0,0,0,0,0
365,00,0,0,0,0,0,0,0,0,0
366,00,0,0,0,0,0,0,0,0,0
367,00,0,0,0,0,0,0,0,0,0
368,00,0,0,0,0,0,0,0,0,0
369,00,0,0,0,0,0,0,0,0,0
370,00,0,0,0,0,0,0,0,0,0
371,00,0,0,0,0,0,0,0,0,0
372,00,0,0,0,0,0,0,0,0,0
373,00,0,0,0,0,0,0,0,0,0
374,00,0,0,0,0,0,0,0,0,0
375,00,0,0,0,0,0,0,0,0,0
376,00,0,0,0,0,0,0,0,0,0
377,00,0,0,0,0,0,0,0,0,0
378,00,0,0,0,0,0,0,0,0,0
379,00,0,0,0,0,0,0,0,0,0
380,00,0,0,0,0,0,0,0,0,0
381,00,0,0,0,0,0,0,0,0,0
382,00,0,0,0,0,0,0,0,0,0
383,00,0,0,0,0,0,0,0,0,0
384,00,0,0,0,0,0,0,0,0,0
385,00,0,0,0,0,0,0,0,0,0
386,00,0,0,0,0,0,0,0,0,0
387,00,0,0,0,0,0,0,0,0,0
388,00,0,0,0,0,0,0,0,0,0
389,00,0,0,0,0,0,0,0,0,0
390,00,0,0,0,0,0,0,0,0,0
391,00,0,0,0,0,0,0,0,0,0
392,00,0,0,0,0,0,0,0,0,0
393,00,0,0,0,0,0,0,0,0,0
394,00,0,0,0,0,0,0,0,0,0
395,00,0,0,0,0,0,0,0,0,0
396,00,0,0,0,0,0,0,0,0,0
397,00,0,0,0,0,0,0,0,0,0
398,00,0,0,0,0,0,0,0,0,0
399,00,0,0,0,0,0,0,0,0,0
400,00,0,0,0,0,0,0,0,0,0
401,00,0,0,0,0,0,0,0,0,0
402,00,0,0,0,0,0,0,0,0,0
403,00,0,0,0,0,0,0,0,0,0
404,00,0,0,0,0,0,0,0,0,0
405,00,0,0,0,0,0,0,0,0,0
406,00,0,0,0,0,0,0,0,0,0
407,00,0,0,0,0,0,0,0,0,0
408,00,0,0,0,0,0,0,0,0,0
409,00,0,0,0,0,0,0,0,0,0
410,00,0,0,0,0,0,0,0,0,0
411,00,0,0,0,0,0,0,0,0,0
412,00,0,0,0,0,0,0,0,0,0
413,00,0,0,0,0,0,0,0,0,0
414,00,0,0,0,0,0,0,0,0,0
415,00,0,0,0,0,0,0,0,0,0
416,00,0,0,0,0,0,0,0,0,0
417,00,0,0,0,0,0,0,0,0,0
418,00,0,0,0,0,0,0,0,0,0
419,00,0,0,0,0,0,0,0,0,0
420,00,0,0,0,0,0,0,0,0,0
421,00,0,0,0,0,0,0,0,0,0
422,00,0,0,0,0,0,0,0,0,0
423,00,0,0,0,0,0,0,0,0,0
424,00,0,0,0,0,0,0,0,0,0
425,00,0,0,0,0,0,0,0,0,0
426,00,0,0,0,0,0,0,0,0,0
427,00,0,0,0,0,0,0,0,0,0
428,00,0,0,0,0,0,0,0,0,0
429,00,0,0,0,0,0,0,0,0,0
430,00,0,0,0,0,0,0,0,0,0
431,00,0,0,0,0,0,0,0,0,0
432,00,0,0,0,0,0,0,0,0,0
433,00,0,0,0,0,0,0,0,0,0
434,00,0,0,0,0,0,0,0,0,0
435,00,0,0,0,0,0,0,0,0,0
436,00,0,0,0,0,0,0,0,0,0
437,00,0,0,0,0,0,0,0,0,0
438,00,0,0,0,0,0,0,0,0,0
439,00,0,0,0,0,0,0,0,0,0
440,00,0,0,0,0,0,0,0,0,0
441,00,0,0,0,0,0,0,0,0,0
442,00,0,0,0,0,0,0,0,0,0
443,00,0,0,0,0,0,0,0,0,0
444,00,0,0,0,0,0,0,0,0,0
445,00,0,0,0,0,0,0,0,0,0
446,00,0,0,0,0,0,0,0,0,0
447,00,0,0,0,0,0,0,0,0,0
448,00,0,0,0,0,0,0,0,0,0
449,00,0,0,0,0,0,0,0,0,0
450,00,0,0,0,0,0,0,0,0,0
451,00,0,0,0,0,0,0,0,0,0
452,00,0,0,0,0,0,0,0,0,0
453,00,0,0,0,0,0,0,0,0,0
454,00,0,0,0,0,0,0,0,0,0
455,00,0,0,0,0,0,0,0,0,0
456,00,0,0,0,0,0,0,0,0,0
457,00,0,0,0,0,0,0,0,0,0
458,00,0,0,0,0,0,0,0,0,0
459,00,0,0,0,0,0,0,0,0,0
460,00,0,0,0,0,0,0,0,0,0
461,00,0,0,0,0,0,0,0,0,0
462,00,0,0,0,0,0,0,0,0,0
463,00,0,0,0,0,0,0,0,0,0
464,00,0,0,0,0,0,0,0,0,0
465,00,0,0,0,0,0,0,0,0,0
466,00,0,0,0,0,0,0,0,0,0
467,00,0,0,0,0,0,0,0,0,0
468,00,0,0,0,0,0,0,0,0,0
469,00,0,0,0,0,0,0,0,0,0
470,00,0,0,0,0,0,0,0,0,0
471,00,0,0,0,0,0,0,0,0,0
472,00,0,0,0,0,0,0,0,0,0
473,00,0,0,0,0,0,0,0,0,0
474,00,0,0,0,0,0,0,0,0,0
475,00,0,0,0,0,0,0,0,0,0
476,00,0,0,0,0,0,0,0,0,0
477,00,0,0,0,0,0,0,0,0,0
478,00,0,0,0,0,0,0,0,0,0
479,00,0,0,0,0,0,0,0,0,0
480,00,0,0,0,0,0,0,0,0,0
481,00,0,0,0,0,0,0,0,0,0
482,00,0,0,0,0,0,0,0,0,0
483,00,0,0,0,0,0,0,0,0,0
484,00,0,0,0,0,0,0,0,0,0
485,00,0,0,0,0,0,0,0,0,0
486,00,0,0,0,0,0,0,0,0,0
487,00,0,0,0,0,0,0,0,0,0
488,00,0,0,0,0,0,0,0,0,0
489,00,0,0,0,0,0,0,0,0,0
490,00,0,0,0,0,0,0,0,0,0
491,00,0,0,0,0,0,0,0,0,0
492,00,0,0,0,0,0,0,0,0,0
493,00,0,0,0,0,0,0,0,0,0
494,00,0,0,0,0,0,0,0,0,0
495,00,0,0,0,0,0,0,0,0,0
496,00,0,0,0,0,0,0,0,0,0
497,00,0,0,0,0,0,0,0,0,0
498,00,0,0,0,0,0,0,0,0,0
499,00,0,0,0,0,0,0,0,0,0
500,00,0,0,0,0,0,0,0,0,0
501,00,0,0,0,0,0,0,0,0,0
502,00,0,0,0,0,0,0,0,0,0
503,00,0,0,0,0,0,0,0,0,0
504,00,0,0,0,0,0,0,0,0,0
505,00,0,0,0,0,0,0,0,0,0
506,00,0,0,0,0,0,0,0,0,0
507,00,0,0,0,0,0,0,0,0,0
508,00,0,0,0,0,0,0,0,0,0
509,00,0,0,0,0,0,0,0,0,0
510,00,0,0,0,0,0,0,0,0,0
511,00,0,0,0,0,0,0,0,0,0
512,01,1,0,0,0,0,0,0,0,1
513,01,0,0,0,0,0,0,0,0,1
514,01,0,0,0,0,0,0,0,0,1
515,01,0,0,0,0,0,0,0,0,1
516,01,0,0,0,0,0,0,0,0,1
517,01,0,0,0,0,0,0,0,0,1
518,01,0,0,0,0,0,0,0,0,1
519,01,0,0,0,0,0,0,0,0,1
520,01,0,0,0,0,0,0,0,0,1
521,01,0,0,0,0,0,0,0,0,1
522,00,0,0,0,0,0,0,0,0,0
523,00,0,0,0,0,0,0,0,0,0
524,00,0,0,0,0,0,0,0,0,0
525,00,0,0,0,0,0,0,0,0,0
526,00,0,0,0,0,0,0,0,0,0
527,00,0,0,0,0,0,0,0,0,0
528,00,0,0,0,0,0,0,0,0,0
529,00,0,0,0,0,0,0,0,0,0
530,00,0,0,0,0,0,0,0,0,0
531,00,0,0,0,0,0,0,0,0,0
532,00,0,0,0,0,0,0,0,0,0
533,00,0,0,0,0,0,0,0,0,0
534,00,0,0,0,0,0,0,0,0,0
535,00,0,0,0,0,0,0,0,0,0
536,00,0,0,0,0,0,0,0,0,0
537,00,0,0,0,0,0,0,0,0,0
538,00,0,0,0,0,0,0,0,0,0
539,00,0,0,0,0,0,0,0,0,0
540,00,0,0,0,0,0,0,0,0,0
541,00,0,0,0,0,0,0,0,0,0
542,00,0,0,0,0,0,0,0,0,0
543,00,0,0,0,0,0,0,0,0,0
544,00,0,0,0,0,0,0,0,0,0
545,00,0,0,0,0,0,0,0,0,0
546,00,0,0,0,0,0,0,0,0,0
547,00,0,0,0,0,0,0,0,0,0
548,00,0,0,0,0,0,0,0,0,0
549,00,0,0,0,0,0,0,0,0,0
550,00,0,0,0,0,0,0,0,0,0
551,00,0,0,0,0,0,0,0,0,0
552,00,0,0,0,0,0,0,0,0,0
553,00,0,0,0,0,0,0,0,0,0
554,00,0,0,0,0,0,0,0,0,0
555,00,0,0,0,0,0,0,0,0,0
556,00,0,0,0,0,0,0,0,0,0
557,00,0,0,0,0,0,0,0,0,0
558,00,0,0,0,0,0,0,0,0,0
559,00,0,0,0,0,0,0,0,0,0
560,00,0,0,0,0,0,0,0,0,0
561,00,0,0,0,0,0,0,0,0,0
562,00,0,0,0,0,0,0,0,0,0
563,00,0,0,0,0,0,0,0,0,0
564,00,0,0,0,0,0,0,0,0,0
565,00,0,0,0,0,0,0,0,0,0
566,00,0,0,0,0,0,0,0,0,0
567,00,0,0,0,0,0,0,0,0,0
568,00,0,0,0,0,0,0,0,0,0
569,00,0,0,0,0,0,0,0,0,0
570,00,0,0,0,0,0,0,0,0,0
571,00,0,0,0,0,0,0,0,0,0
572,00,0,0,0,0,0,0,0,0,0
573,00,0,0,0,0,0,0,0,0,0
574,00,0,0,0,0,0,0,0,0,0
575,00,0,0,0,0,0,0,0,0,0
576,00,0,0,0,0,0,0,0,0,0
577,00,0,0,0,0,0,0,0,0,0
578,00,0,0,0,0,0,0,0,0,0
579,00,0,0,0,0,0,0,0,0,0
580,00,0,0,0,0,0,0,0,0,0
581,00,0,0,0,0,0,0,0,0,0
582,00,0,0,0,0,0,0,0,0,0
583,00,0,0,0,0,0,0,0,0,0
584,00,0,0,0,0,0,0,0,0,0
585,00,0,0,0,0,0,0,0,0,0
586,00,0,0,0,0,0,0,0,0,0
587,00,0,0,0,0,0,0,0,0,0
588,00,0,0,0,0,0,0,0,0,0
589,00,0,0,0,0,0,0,0,0,0
590,00,0,0,0,0,0,0,0,0,0
591,00,0,0,0,0,0,0,0,0,0
592,00,0,0,0,0,0,0,0,0,0
593,00,0,0,0,0,0,0,0,0,0
594,00,0,0,0,0,0,0,0,0,0
595,00,0,0,0,0,0,0,0,0,0
596,00,0,0,0,0,0,0,0,0,0
597,00,0,0,0,0,0,0,0,0,0
598,00,0,0,0,0,0,0,0,0,0
599,00,0,0,0,0,0,0,0,0,0
600,00,0,0,0,0,0,0,0,0,0
601,00,0,0,0,0,0,0,0,0,0
602,00,0,0,0,0,0,0,0,0,0
603,00,0,0,0,0,0,0,0,0,0
604,00,0,0,0,0,0,0,0,0,0
605,00,0,0,0,0,0,0,0,0,0
606,00,0,0,0,0,0,0,0,0,0
607,00,0,0,0,0,0,0,0,0,0
608,00,0,0,0,0,0,0,0,0,0
609,00,0,0,0,0,0,0,0,0,0
610,00,0,0,0,0,0,0,0,0,0
611,00,0,0,0,0,0,0,0,0,0
612,00,0,0,0,0,0,0,0,0,0
613,00,0,0,0,0,0,0,0,0,0
614,00,0,0,0,0,0,0,0,0,0
615,00,0,0,0,0,0,0,0,0,0
616,00,0,0,0,0,0,0,0,0,0
617,00,0,0,0,0,0,0,0,0,0
618,00,0,0,0,0,0,0,0,0,0
619,00,0,0,0,0,0,0,0,0,0
620,00,0,0,0,0,0,0,0,0,0
621,00,0,0,0,0,0,0,0,0,0
622,00,0,0,0,0,0,0,0,0,0
623,00,0,0,0,0,0,0,0,0,0
624,00,0,0,0,0,0,0,0,0,0
625,00,0,0,0,0,0,0,0,0,0
626,00,0,0,0,0,0,0,0,0,0
627,00,0,0,0,0,0,0,0,0,0
628,00,0,0,0,0,0,0,0,0,0
629,00,0,0,0,0,0,0,0,0,0
630,00,0,0,0,0,0,0,0,0,0
631,00,0,0,0,0,0,0,0,0,0
632,00,0,0,0,0,0,0,0,0,0
633,00,0,0,0,0,0,0,0,0,0
634,00,0,0,0,0,0,0,0,0,0
635,00,0,0,0,0,0,0,0,0,0
636,00,0,0,0,0,0,0,0,0,0
637,00,0,0,0,0,0,0,0,0,0
638,00,0,0,0,0,0,0,0,0,0
639,00,0,0,0,0,0,0,0,0,0
640,00,0,0,0,0,0,0,0,0,0
641,00,0,0,0,0,0,0,0,0,0
642,00,0,0,0,0,0,0,0,0,0
643,00,0,0,0,0,0,0,0,0,0
644,00,0,0,0,0,0,0,0,0,0
645,00,0,0,0,0,0,0,0,0,0
646,00,0,0,0,0,0,0,0,0,0
647,00,0,0,0,0,0,0,0,0,0
648,00,0,0,0,0,0,0,0,0,0
649,00,0,0,0,0,0,0,0,0,0
650,00,0,0,0,0,0,0,0,0,0
651,00,0,0,0,0,0,0,0,0,0
652,00,0,0,0,0,0,0,0,0,0
653,00,0,0,0,0,0,0,0,0,0
654,00,0,0,0,0,0,0,0,0,0
655,00,0,0,0,0,0,0,0,0,0
656,00,0,0,0,0,0,0,0,0,0
657,00,0,0,0,0,0,0,0,0,0
658,00,0,0,0,0,0,0,0,0,0
659,00,0,0,0,0,0,0,0,0,0
660,00,0,0,0,0,0,0,0,0,0
661,00,0,0,0,0,0,0,0,0,0
662,00,0,0,0,0,0,0,0,0,0
663,00,0,0,0,0,0,0,0,0,0
664,00,0,0,0,0,0,0,0,0,0
665,00,0,0,0,0,0,0,0,0,0
666,00,0,0,0,0,0,0,0,0,0
667,00,0,0,0,0,0,0,0,0,0
668,00,0,0,0,0,0,0,0,0,0
669,00,0,0,0,0,0,0,0,0,0
670,00,0,0,0,0,0,0,0,0,0
671,00,0,0,0,0,0,0,0,0,0
672,00,0,0,0,0,0,0,0,0,0
673,00,0,0,0,0,0,0,0,0,0
674,00,0,0,0,0,0,0,0,0,0
675,00,0,0,0,0,0,0,0,0,0
676,00,0,0,0,0,0,0,0,0,0
677,00,0,0,0,0,0,0,0,0,0
678,00,0,0,0,0,0,0,0,0,0
679,00,0,0,0,0,0,0,0,0,0
680,00,0,0,0,0,0,0,0,0,0
681,00,0,0,0,0,0,0,0,0,0
682,00,0,0,0,0,0,0,0,0,0
683,00,0,0,0,0,0,0,0,0,0
684,00,0,0,0,0,0,0,0,0,0
685,00,0,0,0,0,0,0,0,0,0
686,00,0,0,0,0,0,0,0,0,0
687,00,0,0,0,0,0,0,0,0,0
688,00,0,0,0,0,0,0,0,0,0
689,00,0,0,0,0,0,0,0,0,0
690,00,0,0,0,0,0,0,0,0,0
691,00,0,0,0,0,0,0,0,0,0
692,00,0,0,0,0,0,0,0,0,0
693,00,0,0,0,0,0,0,0,0,0
694,00,0,0,0,0,0,0,0,0,0
695,00,0,0,0,0,0,0,0,0,0
696,00,0,0,0,0,0,0,0,0,0
697,00,0,0,0,0,0,0,0,0,0
698,00,0,0,0,0,0,0,0,0,0
699,00,0,0,0,0,0,0,0,0,0
700,00,0,0,0,0,0,0,0,0,0
701,00,0,0,0,0,0,0,0,0,0
702,00,0,0,0,0,0,0,0,0,0
703,00,0,0,0,0,0,0,0,0,0
704,00,0,0,0,0,0,0,0,0,0
705,00,0,0,0,0,0,0,0,0,0
706,00,0,0,0,0,0,0,0,0,0
707,00,0,0,0,0,0,0,0,0,0
708,00,0,0,0,0,0,0,0,0,0
709,00,0,0,0,0,0,0,0,0,0
710,00,0,0,0,0,0,0,0,0,0
711,00,0,0,0,0,0,0,0,0,0
712,00,0,0,0,0,0,0,0,0,0
713,00,0,0,0,0,0,0,0,0,0
714,00,0,0,0,0,0,0,0,0,0
715,00,0,0,0,0,0,0,0,0,0
716,00,0,0,0,0,0,0,0,0,0
717,00,0,0,0,0,0,0,0,0,0
718,00,0,0,0,0,0,0,0,0,0
719,00,0,0,0,0,0,0,0,0,0
720,00,0,0,0,0,0,0,0,0,0
721,00,0,0,0,0,0,0,0,0,0
722,00,0,0,0,0,0,0,0,0,0
723,00,0,0,0,0,0,0,0,0,0
724,00,0,0,0,0,0,0,0,0,0
725,00,0,0,0,0,0,0,0,0,0
726,00,0,0,0,0,0,0,0,0,0
727,00,0,0,0,0,0,0,0,0,0
728,00,0,0,0,0,0,0,0,0,0
729,00,0,0,0,0,0,0,0,0,0
730,00,0,0,0,0,0,0,0,0,0
731,00,0,0,0,0,0,0,0,0,0
732,00,0,0,0,0,0,0,0,0,0
733,00,0,0,0,0,0,0,0,0,0
734,00,0,0,0,0,0,0,0,0,0
735,00,0,0,0,0,0,0,0,0,0
736,00,0,0,0,0,0,0,0,0,0
737,00,0,0,0,0,0,0,0,0,0
738,00,0,0,0,0,0,0,0,0,0
739,00,0,0,0,0,0,0,0,0,0
740,00,0,0,0,0,0,0,0,0,0
741,00,0,0,0,0,0,0,0,0,0
742,00,0,0,0,0,0,0,0,0,0
743,00,0,0,0,0,0,0,0,0,0
744,00,0,0,0,0,0,0,0,0,0
745,00,0,0,0,0,0,0,0,0,0
746,00,0,0,0,0,0,0,0,0,0
747,00,0,0,0,0,0,0,0,0,0
748,00,0,0,0,0,0,0,0,0,0
749,00,0,0,0,0,0,0,0,0,0
750,00,0,0,0,0,0,0,0,0,0
751,00,0,0,0,0,0,0,0,0,0
752,00,0,0,0,0,0,0,0,0,0
753,00,0,0,0,0,0,0,0,0,0
754,00,0,0,0,0,0,0,0,0,0
755,00,0,0,0,0,0,0,0,0,0
756,00,0,0,0,0,0,0,0,0,0
757,00,0,0,0,0,0,0,0,0,0
758,00,0,0,0,0,0,0,0,0,0
759,00,0,0,0,0,0,0,0,0,0
760,00,0,0,0,0,0,0,0,0,0
761,00,0,0,0,0,0,0,0,0,0
762,00,0,0,0,0,0,0,0,0,0
763,00,0,0,0,0,0,0,0,0,0
764,00,0,0,0,0,0,0,0,0,0
765,00,0,0,0,0,0,0,0,0,0
766,00,0,0,0,0,0,0,0,0,0
767,00,0,0,0,0,0,0,0,0,0
768,00,0,0,0,0,0,0,0,0,0
769,00,0,0,0,0,0,0,0,0,0
770,00,0,0,0,0,0,0,0,0,0
771,00,0,0,0,0,0,0,0,0,0
772,00,0,0,0,0,0,0,0,0,0
773,00,0,0,0,0,0,0,0,0,0
774,00,0,0,0,0,0,0,0,0,0
775,00,0,0,0,0,0,0,0,0,0
776,00,0,0,0,0,0,0,0,0,0
777,00,0,0,0,0,0,0,0,0,0
778,00,0,0,0,0,0,0,0,0,0
779,00,0,0,0,0,0,0,0,0,0
780,00,0,0,0,0,0,0,0,0,0
781,00,0,0,0,0,0,0,0,0,0
782,00,0,0,0,0,0,0,0,0,0
783,00,0,0,0,0,0,0,0,0,0
784,00,0,0,0,0,0,0,0,0,0
785,00,0,0,0,0,0,0,0,0,0
786,00,0,0,0,0,0,0,0,0,0
787,00,0,0,0,0,0,0,0,0,0
788,00,0,0,0,0,0,0,0,0,0
789,00,0,0,0,0,0,0,0,0,0
790,00,0,0,0,0,0,0,0,0,0
791,00,0,0,0,0,0,0,0,0,0
792,00,0,0,0,0,0,0,0,0,0
793,00,0,0,0,0,0,0,0,0,0
794,00,0,0,0,0,0,0,0,0,0
795,00,0,0,0,0,0,0,0,0,0
796,00,0,0,0,0,0,0,0,0,0
797,00,0,0,0,0,0,0,0,0,0
798,00,0,0,0,0,0,0,0,0,0
799,00,0,0,0,0,0,0,0,0,0
800,00,0,0,0,0,0,0,0,0,0
801,00,0,0,0,0,0,0,0,0,0
802,00,0,0,0,0,0,0,0,0,0
803,00,0,0,0,0,0,0,0,0,0
804,00,0,0,0,0,0,0,0,0,0
805,00,0,0,0,0,0,0,0,0,0
806,00,0,0,0,0,0,0,0,0,0
807,00,0,0,0,0,0,0,0,0,0
808,00,0,0,0,0,0,0,0,0,0
809,00,0,0,0,0,0,0,0,0,0
810,00,0,0,0,0,0,0,0,0,0
811,00,0,0,0,0,0,0,0,0,0
812,00,0,0,0,0,0,0,0,0,0
813,00,0,0,0,0,0,0,0,0,0
814,00,0,0,0,0,0,0,0,0,0
815,00,0,0,0,0,0,0,0,0,0
816,00,0,0,0,0,0,0,0,0,0
817,00,0,0,0,0,0,0,0,0,0
818,00,0,0,0,0,0,0,0,0,0
819,00,0,0,0,0,0,0,0,0,0
820,00,0,0,0,0,0,0,0,0,0
821,00,0,0,0,0,0,0,0,0,0
822,00,0,0,0,0,0,0,0,0,0
823,00,0,0,0,0,0,0,0,0,0
824,00,0,0,0,0,0,0,0,0,0
825,00,0,0,0,0,0,0,0,0,0
826,00,0,0,0,0,0,0,0,0,0
827,00,0,0,0,0,0,0,0,0,0
828,00,0,0,0,0,0,0,0,0,0
829,00,0,0,0,0,0,0,0,0,0
830,00,0,0,0,0,0,0,0,0,0
831,00,0,0,0,0,0,0,0,0,0
832,00,0,0,0,0,0,0,0,0,0
833,00,0,0,0,0,0,0,0,0,0
834,00,0,0,0,0,0,0,0,0,0
835,00,0,0,0,0,0,0,0,0,0
836,00,0,0,0,0,0,0,0,0,0
837,00,0,0,0,0,0,0,0,0,0
838,00,0,0,0,0,0,0,0,0,0
839,00,0,0,0,0,0,0,0,0,0
840,00,0,0,0,0,0,0,0,0,0
841,00,0,0,0,0,0,0,0,0,0
842,00,0,0,0,0,0,0,0,0,0
843,00,0,0,0,0,0,0,0,0,0
844,00,0,0,0,0,0,0,0,0,0
845,00,0,0,0,0,0,0,0,0,0
846,00,0,0,0,0,0,0,0,0,0
847,00,0,0,0,0,0,0,0,0,0
848,00,0,0,0,0,0,0,0,0,0
849,00,0,0,0,0,0,0,0,0,0
850,00,0,0,0,0,0,0,0,0,0
851,00,0,0,0,0,0,0,0,0,0
852,00,0,0,0,0,0,0,0,0,0
853,00,0,0,0,0,0,0,0,0,0
854,00,0,0,0,0,0,0,0,0,0
855,00,0,0,0,0,0,0,0,0,0
856,00,0,0,0,0,0,0,0,0,0
857,00,0,0,0,0,0,0,0,0,0
858,00,0,0,0,0,0,0,0,0,0
859,00,0,0,0,0,0,0,0,0,0
860,00,0,0,0,0,0,0,0,0,0
861,00,0,0,0,0,0,0,0,0,0
862,00,0,0,0,0,0,0,0,0,0
863,00,0,0,0,0,0,0,0,0,0
864,00,0,0,0,0,0,0,0,0,0
865,00,0,0,0,0,0,0,0,0,0
866,00,0,0,0,0,0,0,0,0,0
867,00,0,0,0,0,0,0,0,0,0
868,00,0,0,0,0,0,0,0,0,0
869,00,0,0,0,0,0,0,0,0,0
870,00,0,0,0,0,0,0,0,0,0
871,00,0,0,0,0,0,0,0,0,0
872,00,0,0,0,0,0,0,0,0,0
873,00,0,0,0,0,0,0,0,0,0
874,00,0,0,0,0,0,0,0,0,0
875,00,0,0,0,0,0,0,0,0,0
876,00,0,0,0,0,0,0,0,0,0
877,00,0,0,0,0,0,0,0,0,0
878,00,0,0,0,0,0,0,0,0,0
879,00,0,0,0,0,0,0,0,0,0
880,00,0,0,0,0,0,0,0,0,0
881,00,0,0,0,0,0,0,0,0,0
882,00,0,0,0,0,0,0,0,0,0
883,00,0,0,0,0,0,0,0,0,0
884,00,0,0,0,0,0,0,0,0,0
885,00,0,0,0,0,0,0,0,0,0
886,00,0,0,0,0,0,0,0,0,0
887,00,0,0,0,0,0,0,0,0,0
888,00,0,0,0,0,0,0,0,0,0
889,00,0,0,0,0,0,0,0,0,0
890,00,0,0,0,0,0,0,0,0,0
891,00,0,0,0,0,0,0,0,0,0
892,00,0,0,0,0,0,0,0,0,0
893,00,0,0,0,0,0,0,0,0,0
894,00,0,0,0,0,0,0,0,0,0
895,00,0,0,0,0,0,0,0,0,0
896,00,0,0,0,0,0,0,0,0,0
897,00,0,0,0,0,0,0,0,0,0
898,00,0,0,0,0,0,0,0,0,0
899,00,0,0,0,0,0,0,0,0,0
900,00,0,0,0,0,0,0,0,0,0
901,00,0,0,0,0,0,0,0,0,0
902,00,0,0,0,0,0,0,0,0,0
903,00,0,0,0,0,0,0,0,0,0
904,00,0,0,0,0,0,0,0,0,0
905,00,0,0,0,0,0,0,0,0,0
906,00,0,0,0,0,0,0,0,0,0
907,00,0,0,0,0,0,0,0,0,0
908,00,0,0,0,0,0,0,0,0,0
909,00,0,0,0,0,0,0,0,0,0
910,00,0,0,0,0,0,0,0,0,0
911,00,0,0,0,0,0,0,0,0,0
912,00,0,0,0,0,0,0,0,0,0
913,00,0,0,0,0,0,0,0,0,0
914,00,0,0,0,0,0,0,0,0,0
915,00,0,0,0,0,0,0,0,0,0
916,00,0,0,0,0,0,0,0,0,0
917,00,0,0,0,0,0,0,0,0,0
918,00,0,0,0,0,0,0,0,0,0
919,00,0,0,0,0,0,0,0,0,0
920,00,0,0,0,0,0,0,0,0,0
921,00,0,0,0,0,0,0,0,0,0
922,00,0,0,0,0,0,0,0,0,0
923,00,0,0,0,0,0,0,0,0,0
924,00,0,0,0,0,0,0,0,0,0
925,00,0,0,0,0,0,0,0,0,0
926,00,0,0,0,0,0,0,0,0,0
927,00,0,0,0,0,0,0,0,0,0
928,00,0,0,0,0,0,0,0,0,0
929,00,0,0,0,0,0,0,0,0,0
930,00,0,0,0,0,0,0,0,0,0
931,00,0,0,0,0,0,0,0,0,0
932,00,0,0,0,0,0,0,0,0,0
933,00,0,0,0,0,0,0,0,0,0
934,00,0,0,0,0,0,0,0,0,0
935,00,0,0,0,0,0,0,0,0,0
936,00,0,0,0,0,0,0,0,0,0
937,00,0,0,0,0,0,0,0,0,0
938,00,0,0,0,0,0,0,0,0,0
939,00,0,0,0,0,0,0,0,0,0
940,00,0,0,0,0,0,0,0,0,0
941,00,0,0,0,0,0,0,0,0,0
942,00,0,0,0,0,0,0,0,0,0
943,00,0,0,0,0,0,0,0,0,0
944,00,0,0,0,0,0,0,0,0,0
945,00,0,0,0,0,0,0,0,0,0
946,00,0,0,0,0,0,0,0,0,0
947,00,0,0,0,0,0,0,0,0,0
948,00,0,0,0,0,0,0,0,0,0
949,00,0,0,0,0,0,0,0,0,0
950,00,0,0,0,0,0,0,0,0,0
951,00,0,0,0,0,0,0,0,0,0
952,00,0,0,0,0,0,0,0,0,0
953,00,0,0,0,0,0,0,0,0,0
954,00,0,0,0,0,0,0,0,0,0
955,00,0,0,0,0,0,0,0,0,0
956,00,0,0,0,0,0,0,0,0,0
957,00,0,0,0,0,0,0,0,0,0
958,00,0,0,0,0,0,0,0,0,0
959,00,0,0,0,0,0,0,0,0,0
960,00,0,0,0,0,0,0,0,0,0
961,00,0,0,0,0,0,0,0,0,0
962,00,0,0,0,0,0,0,0,0,0
963,00,0,0,0,0,0,0,0,0,0
964,00,0,0,0,0,0,0,0,0,0
965,00,0,0,0,0,0,0,0,0,0
966,00,0,0,0,0,0,0,0,0,0
967,00,0,0,0,0,0,0,0,0,0
968,00,0,0,0,0,0,0,0,0,0
969,00,0,0,0,0,0,0,0,0,0
970,00,0,0,0,0,0,0,0,0,0
971,00,0,0,0,0,0,0,0,0,0
972,00,0,0,0,0,0,0,0,0,0
973,00,0,0,0,0,0,0,0,0,0
974,00,0,0,0,0,0,0,0,0,0
975,00,0,0,0,0,0,0,0,0,0
976,00,0,0,0,0,0,0,0,0,0
977,00,0,0,0,0,0,0,0,0,0
978,00,0,0,0,0,0,0,0,0,0
979,00,0,0,0,0,0,0,0,0,0
980,00,0,0,0,0,0,0,0,0,0
981,00,0,0,0,0,0,0,0,0,0
982,00,0,0,0,0,0,0,0,0,0
983,00,0,0,0,0,0,0,0,0,0
984,00,0,0,0,0,0,0,0,0,0
985,00,0,0,0,0,0,0,0,0,0
986,00,0,0,0,0,0,0,0,0,0
987,00,0,0,0,0,0,0,0,0,0
988,00,0,0,0,0,0,0,0,0,0
989,00,0,0,0,0,0,0,0,0,0
990,00,0,0,0,0,0,0,0,0,0
991,00,0,0,0,0,0,0,0,0,0
992,00,0,0,0,0,0,0,0,0,0
993,00,0,0,0,0,0,0,0,0,0
994,00,0,0,0,0,0,0,0,0,0
995,00,0,0,0,0,0,0,0,0,0
996,00,0,0,0,0,0,0,0,0,0
997,00,0,0,0,0,0,0,0,0,0
998,00,0,0,0,0,0,0,0,0,0
999,00,0,0,0,0,0,0,0,0,0
1000,00,0,0,0,0,0,0,0,0,0
1001,00,0,0,0,0,0,0,0,0,0
1002,00,0,0,0,0,0,0,0,0,0
1003,00,0,0,0,0,0,0,0,0,0
1004,00,0,0,0,0,0,0,0,0,0
1005,00,0,0,0,0,0,0,0,0,0
1006,00,0,0,0,0,0,0,0,0,0
1007,00,0,0,0,0,0,0,0,0,0
1008,00,0,0,0,0,0,0,0,0,0
1009,00,0,0,0,0,0,0,0,0,0
1010,00,0,0,0,0,0,0,0,0,0
1011,00,0,0,0,0,0,0,0,0,0
1012,00,0,0,0,0,0,0,0,0,0
1013,00,0,0,0,0,0,0,0,0,0
1014,00,0,0,0,0,0,0,0,0,0
1015,00,0,0,0,0,0,0,0,0,0
1016,00,0,0,0,0,0,0,0,0,0
1017,00,0,0,0,0,0,0,0,0,0
1018,00,0,0,0,0,0,0,0,0,0
1019,00,0,0,0,0,0,0,0,0,0
1020,00,0,0,0,0,0,0,0,0,0
1021,00,0,0,0,0,0,0,0,0,0
1022,00,0,0,0,0,0,0,0,0,0
1023,00,0,0,0,0,0,0,0,0,0
